dep;semaine;sursaud_cl_age_corona;Nbre_pass_Corona;Nbre_pass_tot;Nbre_hospit_Corona;Nbre_acte_corona;Nbre_acte_tot
01;2020-S10;0;0;1929;0;;
01;2020-S10;A;0;351;0;;
01;2020-S10;B;0;751;0;;
01;2020-S10;C;0;371;0;;
01;2020-S10;D;0;172;0;;
01;2020-S10;E;0;284;0;;
01;2020-S11;0;27;1827;8;;
01;2020-S11;A;1;336;0;;
01;2020-S11;B;11;723;3;;
01;2020-S11;C;8;371;2;;
01;2020-S11;D;1;168;1;;
01;2020-S11;E;6;229;2;;
02;2020-S10;0;56;2882;10;2;2376
02;2020-S10;A;5;669;4;0;643
02;2020-S10;B;31;1008;3;0;1048
02;2020-S10;C;19;528;2;1;368
02;2020-S10;D;0;251;0;1;115
02;2020-S10;E;1;426;1;0;159
02;2020-S11;0;78;2682;20;33;2631
02;2020-S11;A;0;671;0;5;748
02;2020-S11;B;30;923;2;16;1140
02;2020-S11;C;23;497;5;9;429
02;2020-S11;D;14;232;6;1;119
02;2020-S11;E;11;358;7;2;170
03;2020-S10;0;0;1195;0;;
03;2020-S10;A;0;182;0;;
03;2020-S10;B;0;436;0;;
03;2020-S10;C;0;228;0;;
03;2020-S10;D;0;107;0;;
03;2020-S10;E;0;242;0;;
03;2020-S11;0;0;1012;0;;
03;2020-S11;A;0;150;0;;
03;2020-S11;B;0;361;0;;
03;2020-S11;C;0;205;0;;
03;2020-S11;D;0;103;0;;
03;2020-S11;E;0;193;0;;
04;2020-S10;0;0;1212;0;;
04;2020-S10;A;0;236;0;;
04;2020-S10;B;0;406;0;;
04;2020-S10;C;0;261;0;;
04;2020-S10;D;0;116;0;;
04;2020-S10;E;0;193;0;;
04;2020-S11;0;5;1116;3;;
04;2020-S11;A;0;182;0;;
04;2020-S11;B;1;379;1;;
04;2020-S11;C;3;261;1;;
04;2020-S11;D;1;112;1;;
04;2020-S11;E;0;182;0;;
05;2020-S10;0;24;1165;9;;
05;2020-S10;A;4;235;1;;
05;2020-S10;B;9;426;2;;
05;2020-S10;C;11;265;6;;
05;2020-S10;D;0;110;0;;
05;2020-S10;E;0;129;0;;
05;2020-S11;0;90;1094;11;;
05;2020-S11;A;6;172;1;;
05;2020-S11;B;44;432;4;;
05;2020-S11;C;32;242;3;;
05;2020-S11;D;5;99;2;;
05;2020-S11;E;3;149;1;;
06;2020-S10;0;77;6153;53;0;1221
06;2020-S10;A;5;1293;5;0;346
06;2020-S10;B;21;2167;8;0;479
06;2020-S10;C;17;1123;9;0;202
06;2020-S10;D;9;534;7;0;64
06;2020-S10;E;25;1036;24;0;130
06;2020-S11;0;277;5794;217;0;1214
06;2020-S11;A;31;1349;30;0;334
06;2020-S11;B;103;2102;69;0;484
06;2020-S11;C;59;1022;41;0;220
06;2020-S11;D;32;463;29;0;55
06;2020-S11;E;52;858;48;0;121
07;2020-S10;0;2;1020;0;;
07;2020-S10;A;0;88;0;;
07;2020-S10;B;1;416;0;;
07;2020-S10;C;1;224;0;;
07;2020-S10;D;0;110;0;;
07;2020-S10;E;0;182;0;;
07;2020-S11;0;4;984;0;;
07;2020-S11;A;0;87;0;;
07;2020-S11;B;2;440;0;;
07;2020-S11;C;2;243;0;;
07;2020-S11;D;0;87;0;;
07;2020-S11;E;0;127;0;;
08;2020-S10;0;1;1686;0;;
08;2020-S10;A;0;389;0;;
08;2020-S10;B;0;569;0;;
08;2020-S10;C;1;298;0;;
08;2020-S10;D;0;169;0;;
08;2020-S10;E;0;261;0;;
08;2020-S11;0;1;1447;0;;
08;2020-S11;A;0;333;0;;
08;2020-S11;B;1;514;0;;
08;2020-S11;C;0;266;0;;
08;2020-S11;D;0;123;0;;
08;2020-S11;E;0;211;0;;
09;2020-S10;0;0;901;0;;
09;2020-S10;A;0;153;0;;
09;2020-S10;B;0;325;0;;
09;2020-S10;C;0;187;0;;
09;2020-S10;D;0;91;0;;
09;2020-S10;E;0;145;0;;
09;2020-S11;0;12;835;1;;
09;2020-S11;A;0;157;0;;
09;2020-S11;B;9;263;0;;
09;2020-S11;C;3;171;1;;
09;2020-S11;D;0;80;0;;
09;2020-S11;E;0;164;0;;
10;2020-S10;0;0;1361;0;1;988
10;2020-S10;A;0;310;0;0;301
10;2020-S10;B;0;516;0;1;468
10;2020-S10;C;0;208;0;0;126
10;2020-S10;D;0;97;0;0;32
10;2020-S10;E;0;230;0;0;60
10;2020-S11;0;1;1289;1;6;1033
10;2020-S11;A;0;310;0;2;328
10;2020-S11;B;0;477;0;3;471
10;2020-S11;C;0;200;0;1;144
10;2020-S11;D;0;100;0;0;27
10;2020-S11;E;1;202;1;0;63
11;2020-S10;0;0;2044;0;;
11;2020-S10;A;0;396;0;;
11;2020-S10;B;0;756;0;;
11;2020-S10;C;0;406;0;;
11;2020-S10;D;0;195;0;;
11;2020-S10;E;0;291;0;;
11;2020-S11;0;36;1940;5;;
11;2020-S11;A;4;411;0;;
11;2020-S11;B;19;671;1;;
11;2020-S11;C;9;386;1;;
11;2020-S11;D;3;199;3;;
11;2020-S11;E;1;273;0;;
12;2020-S10;0;0;925;0;;
12;2020-S10;A;0;147;0;;
12;2020-S10;B;0;335;0;;
12;2020-S10;C;0;188;0;;
12;2020-S10;D;0;96;0;;
12;2020-S10;E;0;159;0;;
12;2020-S11;0;0;881;0;;
12;2020-S11;A;0;148;0;;
12;2020-S11;B;0;318;0;;
12;2020-S11;C;0;175;0;;
12;2020-S11;D;0;95;0;;
12;2020-S11;E;0;145;0;;
13;2020-S10;0;40;9792;17;8;1459
13;2020-S10;A;6;2436;2;2;542
13;2020-S10;B;20;3667;10;3;521
13;2020-S10;C;7;1734;1;1;206
13;2020-S10;D;4;660;2;1;62
13;2020-S10;E;3;1295;2;1;122
13;2020-S11;0;55;9223;20;50;1837
13;2020-S11;A;0;2427;0;12;699
13;2020-S11;B;20;3294;3;26;680
13;2020-S11;C;19;1699;2;7;234
13;2020-S11;D;2;638;2;2;84
13;2020-S11;E;14;1165;13;1;127
14;2020-S10;0;17;3068;8;6;2697
14;2020-S10;A;2;676;0;1;844
14;2020-S10;B;10;1061;4;4;1220
14;2020-S10;C;4;540;3;0;374
14;2020-S10;D;1;315;1;1;101
14;2020-S10;E;0;476;0;0;158
14;2020-S11;0;140;2802;12;61;2789
14;2020-S11;A;13;630;1;11;908
14;2020-S11;B;70;1053;4;37;1288
14;2020-S11;C;33;499;2;11;358
14;2020-S11;D;17;236;1;0;73
14;2020-S11;E;7;384;4;2;162
15;2020-S10;0;0;556;0;;
15;2020-S10;A;0;84;0;;
15;2020-S10;B;0;185;0;;
15;2020-S10;C;0;128;0;;
15;2020-S10;D;0;38;0;;
15;2020-S10;E;0;121;0;;
15;2020-S11;0;2;559;2;;
15;2020-S11;A;0;92;0;;
15;2020-S11;B;0;176;0;;
15;2020-S11;C;0;116;0;;
15;2020-S11;D;1;57;1;;
15;2020-S11;E;1;118;1;;
16;2020-S10;0;0;1577;0;;
16;2020-S10;A;0;125;0;;
16;2020-S10;B;0;564;0;;
16;2020-S10;C;0;341;0;;
16;2020-S10;D;0;171;0;;
16;2020-S10;E;0;376;0;;
16;2020-S11;0;1;1583;1;;
16;2020-S11;A;0;209;0;;
16;2020-S11;B;1;563;1;;
16;2020-S11;C;0;332;0;;
16;2020-S11;D;0;159;0;;
16;2020-S11;E;0;320;0;;
17;2020-S10;0;23;3045;9;0;407
17;2020-S10;A;2;343;0;0;107
17;2020-S10;B;3;976;0;0;158
17;2020-S10;C;12;638;5;0;60
17;2020-S10;D;1;404;0;0;24
17;2020-S10;E;5;683;4;0;57
17;2020-S11;0;67;2753;8;0;414
17;2020-S11;A;9;376;0;0;103
17;2020-S11;B;22;875;0;0;167
17;2020-S11;C;26;543;4;0;71
17;2020-S11;D;9;340;4;0;27
17;2020-S11;E;1;619;0;0;46
18;2020-S10;0;0;863;0;0;1574
18;2020-S10;A;0;130;0;0;419
18;2020-S10;B;0;274;0;0;810
18;2020-S10;C;0;185;0;0;247
18;2020-S10;D;0;80;0;0;47
18;2020-S10;E;0;194;0;0;51
18;2020-S11;0;19;862;0;0;1472
18;2020-S11;A;8;161;0;0;421
18;2020-S11;B;10;268;0;0;729
18;2020-S11;C;1;171;0;0;230
18;2020-S11;D;0;100;0;0;56
18;2020-S11;E;0;162;0;0;36
19;2020-S10;0;2;1262;2;;
19;2020-S10;A;0;186;0;;
19;2020-S10;B;0;425;0;;
19;2020-S10;C;2;259;2;;
19;2020-S10;D;0;131;0;;
19;2020-S10;E;0;261;0;;
19;2020-S11;0;3;1077;2;;
19;2020-S11;A;0;161;0;;
19;2020-S11;B;3;367;2;;
19;2020-S11;C;0;221;0;;
19;2020-S11;D;0;96;0;;
19;2020-S11;E;0;232;0;;
21;2020-S10;0;47;2164;22;5;1050
21;2020-S10;A;0;253;0;0;268
21;2020-S10;B;14;862;4;3;472
21;2020-S10;C;12;449;4;2;165
21;2020-S10;D;8;231;5;0;53
21;2020-S10;E;13;369;9;0;92
21;2020-S11;0;58;1925;30;61;891
21;2020-S11;A;1;230;0;7;232
21;2020-S11;B;20;740;4;32;435
21;2020-S11;C;13;416;9;13;126
21;2020-S11;D;10;189;6;3;42
21;2020-S11;E;14;350;11;6;56
22;2020-S10;0;1;1943;0;;
22;2020-S10;A;0;391;0;;
22;2020-S10;B;1;630;0;;
22;2020-S10;C;0;339;0;;
22;2020-S10;D;0;188;0;;
22;2020-S10;E;0;395;0;;
22;2020-S11;0;4;1750;0;;
22;2020-S11;A;1;397;0;;
22;2020-S11;B;2;557;0;;
22;2020-S11;C;1;323;0;;
22;2020-S11;D;0;183;0;;
22;2020-S11;E;0;290;0;;
23;2020-S10;0;0;456;0;;
23;2020-S10;A;0;52;0;;
23;2020-S10;B;0;122;0;;
23;2020-S10;C;0;108;0;;
23;2020-S10;D;0;45;0;;
23;2020-S10;E;0;129;0;;
23;2020-S11;0;2;439;0;;
23;2020-S11;A;0;63;0;;
23;2020-S11;B;0;129;0;;
23;2020-S11;C;2;100;0;;
23;2020-S11;D;0;46;0;;
23;2020-S11;E;0;101;0;;
24;2020-S10;0;1;1287;0;;
24;2020-S10;A;0;118;0;;
24;2020-S10;B;1;432;0;;
24;2020-S10;C;0;278;0;;
24;2020-S10;D;0;153;0;;
24;2020-S10;E;0;306;0;;
24;2020-S11;0;5;1225;5;;
24;2020-S11;A;0;140;0;;
24;2020-S11;B;2;430;2;;
24;2020-S11;C;2;271;2;;
24;2020-S11;D;0;135;0;;
24;2020-S11;E;1;249;1;;
25;2020-S10;0;12;1605;3;3;1111
25;2020-S10;A;2;357;0;1;273
25;2020-S10;B;8;573;1;0;428
25;2020-S10;C;0;300;0;1;183
25;2020-S10;D;0;136;0;1;82
25;2020-S10;E;2;239;2;0;103
25;2020-S11;0;50;1448;28;14;965
25;2020-S11;A;3;338;1;2;245
25;2020-S11;B;19;519;8;7;418
25;2020-S11;C;12;242;5;4;168
25;2020-S11;D;6;129;6;0;51
25;2020-S11;E;10;220;8;1;76
26;2020-S10;0;13;2353;0;;
26;2020-S10;A;1;568;0;;
26;2020-S10;B;8;794;0;;
26;2020-S10;C;4;437;0;;
26;2020-S10;D;0;204;0;;
26;2020-S10;E;0;350;0;;
26;2020-S11;0;25;2121;18;;
26;2020-S11;A;0;524;0;;
26;2020-S11;B;5;767;1;;
26;2020-S11;C;6;345;5;;
26;2020-S11;D;4;177;2;;
26;2020-S11;E;10;308;10;;
27;2020-S10;0;0;1235;0;;
27;2020-S10;A;0;217;0;;
27;2020-S10;B;0;535;0;;
27;2020-S10;C;0;260;0;;
27;2020-S10;D;0;100;0;;
27;2020-S10;E;0;123;0;;
27;2020-S11;0;0;1311;0;;
27;2020-S11;A;0;224;0;;
27;2020-S11;B;0;574;0;;
27;2020-S11;C;0;299;0;;
27;2020-S11;D;0;79;0;;
27;2020-S11;E;0;135;0;;
28;2020-S10;0;3;2402;0;;
28;2020-S10;A;1;296;0;;
28;2020-S10;B;2;940;0;;
28;2020-S10;C;0;531;0;;
28;2020-S10;D;0;231;0;;
28;2020-S10;E;0;404;0;;
28;2020-S11;0;9;2207;2;;
28;2020-S11;A;0;334;0;;
28;2020-S11;B;6;887;0;;
28;2020-S11;C;1;438;0;;
28;2020-S11;D;1;214;1;;
28;2020-S11;E;1;334;1;;
29;2020-S10;0;2;4349;1;0;1443
29;2020-S10;A;1;857;1;0;438
29;2020-S10;B;1;1511;0;0;630
29;2020-S10;C;0;767;0;0;223
29;2020-S10;D;0;464;0;0;62
29;2020-S10;E;0;749;0;0;88
29;2020-S11;0;3;3528;1;23;1505
29;2020-S11;A;3;805;1;13;497
29;2020-S11;B;0;1196;0;6;637
29;2020-S11;C;0;679;0;4;215
29;2020-S11;D;0;301;0;0;56
29;2020-S11;E;0;547;0;0;99
2A;2020-S10;0;24;676;16;2;380
2A;2020-S10;A;4;106;2;0;102
2A;2020-S10;B;10;261;6;0;159
2A;2020-S10;C;5;143;3;0;73
2A;2020-S10;D;3;63;3;2;27
2A;2020-S10;E;2;103;2;0;12
2A;2020-S11;0;5;469;4;61;590
2A;2020-S11;A;0;69;0;8;136
2A;2020-S11;B;1;169;1;29;261
2A;2020-S11;C;3;112;2;15;128
2A;2020-S11;D;0;55;0;3;39
2A;2020-S11;E;1;64;1;5;22
2B;2020-S10;0;64;861;63;;
2B;2020-S10;A;9;147;9;;
2B;2020-S10;B;36;325;35;;
2B;2020-S10;C;18;188;18;;
2B;2020-S10;D;1;88;1;;
2B;2020-S10;E;0;113;0;;
2B;2020-S11;0;153;829;153;;
2B;2020-S11;A;21;124;21;;
2B;2020-S11;B;85;324;85;;
2B;2020-S11;C;36;197;36;;
2B;2020-S11;D;7;81;7;;
2B;2020-S11;E;4;103;4;;
30;2020-S10;0;0;3574;0;0;750
30;2020-S10;A;0;834;0;0;264
30;2020-S10;B;0;1289;0;0;316
30;2020-S10;C;0;622;0;0;101
30;2020-S10;D;0;301;0;0;30
30;2020-S10;E;0;528;0;0;39
30;2020-S11;0;1;3187;0;13;705
30;2020-S11;A;0;683;0;3;253
30;2020-S11;B;1;1148;0;5;270
30;2020-S11;C;0;597;0;3;116
30;2020-S11;D;0;302;0;1;28
30;2020-S11;E;0;457;0;1;38
31;2020-S10;0;13;5775;9;1;1156
31;2020-S10;A;0;1237;0;1;354
31;2020-S10;B;5;2335;1;0;531
31;2020-S10;C;2;1103;2;0;137
31;2020-S10;D;2;395;2;0;45
31;2020-S10;E;4;705;4;0;89
31;2020-S11;0;174;5259;92;84;1233
31;2020-S11;A;13;1156;0;30;333
31;2020-S11;B;73;2209;22;43;606
31;2020-S11;C;37;914;21;8;166
31;2020-S11;D;15;361;14;2;48
31;2020-S11;E;36;619;35;1;80
32;2020-S10;0;1;558;1;;
32;2020-S10;A;0;101;0;;
32;2020-S10;B;0;179;0;;
32;2020-S10;C;0;109;0;;
32;2020-S10;D;1;41;1;;
32;2020-S10;E;0;128;0;;
32;2020-S11;0;17;476;11;;
32;2020-S11;A;0;79;0;;
32;2020-S11;B;6;159;2;;
32;2020-S11;C;4;91;3;;
32;2020-S11;D;2;44;1;;
32;2020-S11;E;5;103;5;;
33;2020-S10;0;5;5968;1;32;6695
33;2020-S10;A;0;1020;0;2;1806
33;2020-S10;B;2;2261;0;17;2917
33;2020-S10;C;3;1115;1;10;1095
33;2020-S10;D;0;558;0;2;323
33;2020-S10;E;0;1014;0;1;554
33;2020-S11;0;18;5627;8;340;6738
33;2020-S11;A;1;1171;0;44;1790
33;2020-S11;B;8;2082;2;212;3109
33;2020-S11;C;6;1088;3;68;1062
33;2020-S11;D;2;473;2;5;313
33;2020-S11;E;1;813;1;10;461
34;2020-S10;0;11;6208;9;0;975
34;2020-S10;A;5;1572;5;0;339
34;2020-S10;B;1;2303;0;0;385
34;2020-S10;C;1;1037;0;0;159
34;2020-S10;D;1;496;1;0;40
34;2020-S10;E;3;800;3;0;52
34;2020-S11;0;69;5229;27;21;833
34;2020-S11;A;46;1282;16;10;299
34;2020-S11;B;9;1880;0;8;337
34;2020-S11;C;6;984;3;1;132
34;2020-S11;D;3;436;3;2;30
34;2020-S11;E;5;647;5;0;35
35;2020-S10;0;1;4201;1;2;1301
35;2020-S10;A;0;1062;0;0;288
35;2020-S10;B;0;1594;0;1;584
35;2020-S10;C;1;664;1;1;166
35;2020-S10;D;0;297;0;0;69
35;2020-S10;E;0;584;0;0;194
35;2020-S11;0;40;3947;13;9;1307
35;2020-S11;A;16;995;1;5;297
35;2020-S11;B;8;1484;4;3;569
35;2020-S11;C;9;670;2;1;195
35;2020-S11;D;3;279;2;0;60
35;2020-S11;E;4;518;4;0;183
36;2020-S10;0;0;773;0;;
36;2020-S10;A;0;154;0;;
36;2020-S10;B;0;249;0;;
36;2020-S10;C;0;151;0;;
36;2020-S10;D;0;79;0;;
36;2020-S10;E;0;140;0;;
36;2020-S11;0;0;806;0;;
36;2020-S11;A;0;159;0;;
36;2020-S11;B;0;276;0;;
36;2020-S11;C;0;157;0;;
36;2020-S11;D;0;75;0;;
36;2020-S11;E;0;139;0;;
37;2020-S10;0;0;2376;0;2;1437
37;2020-S10;A;0;672;0;0;343
37;2020-S10;B;0;750;0;2;773
37;2020-S10;C;0;409;0;0;192
37;2020-S10;D;0;174;0;0;37
37;2020-S10;E;0;371;0;0;92
37;2020-S11;0;15;2260;9;4;1416
37;2020-S11;A;0;690;0;1;377
37;2020-S11;B;6;730;3;3;800
37;2020-S11;C;4;356;1;0;162
37;2020-S11;D;0;165;0;0;27
37;2020-S11;E;5;319;5;0;49
38;2020-S10;0;0;6005;0;0;1519
38;2020-S10;A;0;1366;0;0;332
38;2020-S10;B;0;2199;0;0;649
38;2020-S10;C;0;1118;0;0;279
38;2020-S10;D;0;466;0;0;71
38;2020-S10;E;0;856;0;0;188
38;2020-S11;0;9;5413;1;67;1518
38;2020-S11;A;0;1300;0;12;325
38;2020-S11;B;5;2052;0;39;727
38;2020-S11;C;4;988;1;12;243
38;2020-S11;D;0;394;0;2;65
38;2020-S11;E;0;679;0;2;158
39;2020-S10;0;7;1471;3;;
39;2020-S10;A;0;247;0;;
39;2020-S10;B;6;530;2;;
39;2020-S10;C;0;319;0;;
39;2020-S10;D;0;110;0;;
39;2020-S10;E;1;265;1;;
39;2020-S11;0;37;1178;11;;
39;2020-S11;A;1;169;0;;
39;2020-S11;B;15;455;3;;
39;2020-S11;C;16;263;5;;
39;2020-S11;D;1;99;0;;
39;2020-S11;E;4;192;3;;
40;2020-S10;0;4;1271;0;;
40;2020-S10;A;0;217;0;;
40;2020-S10;B;3;401;0;;
40;2020-S10;C;0;232;0;;
40;2020-S10;D;1;168;0;;
40;2020-S10;E;0;253;0;;
40;2020-S11;0;32;1251;7;;
40;2020-S11;A;2;200;0;;
40;2020-S11;B;14;411;1;;
40;2020-S11;C;11;237;2;;
40;2020-S11;D;1;131;0;;
40;2020-S11;E;4;272;4;;
41;2020-S10;0;0;1692;0;;
41;2020-S10;A;0;386;0;;
41;2020-S10;B;0;558;0;;
41;2020-S10;C;0;329;0;;
41;2020-S10;D;0;133;0;;
41;2020-S10;E;0;285;0;;
41;2020-S11;0;1;1449;0;;
41;2020-S11;A;0;301;0;;
41;2020-S11;B;0;525;0;;
41;2020-S11;C;1;288;0;;
41;2020-S11;D;0;106;0;;
41;2020-S11;E;0;229;0;;
42;2020-S10;0;0;4857;0;0;1121
42;2020-S10;A;0;970;0;0;284
42;2020-S10;B;0;1847;0;0;416
42;2020-S10;C;0;937;0;0;183
42;2020-S10;D;0;408;0;0;71
42;2020-S10;E;0;695;0;0;167
42;2020-S11;0;10;4379;4;22;1053
42;2020-S11;A;2;835;0;5;291
42;2020-S11;B;5;1722;1;12;436
42;2020-S11;C;0;848;0;5;141
42;2020-S11;D;2;382;2;0;50
42;2020-S11;E;1;592;1;0;135
43;2020-S10;0;0;187;0;;
43;2020-S10;A;0;25;0;;
43;2020-S10;B;0;70;0;;
43;2020-S10;C;0;39;0;;
43;2020-S10;D;0;23;0;;
43;2020-S10;E;0;30;0;;
43;2020-S11;0;0;185;0;;
43;2020-S11;A;0;26;0;;
43;2020-S11;B;0;56;0;;
43;2020-S11;C;0;43;0;;
43;2020-S11;D;0;16;0;;
43;2020-S11;E;0;44;0;;
44;2020-S10;0;89;3640;1;4;4094
44;2020-S10;A;14;772;0;0;1143
44;2020-S10;B;49;1419;0;0;1709
44;2020-S10;C;21;670;0;2;577
44;2020-S10;D;3;289;0;1;203
44;2020-S10;E;2;486;1;1;454
44;2020-S11;0;149;3532;5;89;4247
44;2020-S11;A;9;774;0;15;1185
44;2020-S11;B;101;1336;1;52;1804
44;2020-S11;C;32;695;2;16;619
44;2020-S11;D;4;280;0;4;200
44;2020-S11;E;3;446;2;2;429
45;2020-S10;0;1;2810;1;0;403
45;2020-S10;A;0;679;0;0;79
45;2020-S10;B;1;1093;1;0;204
45;2020-S10;C;0;449;0;0;63
45;2020-S10;D;0;219;0;0;14
45;2020-S10;E;0;370;0;0;41
45;2020-S11;0;1;2474;0;7;436
45;2020-S11;A;0;679;0;0;73
45;2020-S11;B;1;888;0;6;250
45;2020-S11;C;0;421;0;0;47
45;2020-S11;D;0;165;0;0;16
45;2020-S11;E;0;321;0;1;44
46;2020-S10;0;0;726;0;;
46;2020-S10;A;0;140;0;;
46;2020-S10;B;0;227;0;;
46;2020-S10;C;0;135;0;;
46;2020-S10;D;0;84;0;;
46;2020-S10;E;0;140;0;;
46;2020-S11;0;0;775;0;;
46;2020-S11;A;0;154;0;;
46;2020-S11;B;0;251;0;;
46;2020-S11;C;0;142;0;;
46;2020-S11;D;0;100;0;;
46;2020-S11;E;0;128;0;;
47;2020-S10;0;48;1570;4;;
47;2020-S10;A;5;230;0;;
47;2020-S10;B;18;559;1;;
47;2020-S10;C;17;303;2;;
47;2020-S10;D;6;141;0;;
47;2020-S10;E;2;337;1;;
47;2020-S11;0;206;1708;9;;
47;2020-S11;A;42;296;0;;
47;2020-S11;B;100;640;1;;
47;2020-S11;C;47;331;1;;
47;2020-S11;D;7;136;2;;
47;2020-S11;E;10;305;5;;
48;2020-S10;0;0;257;0;;
48;2020-S10;A;0;49;0;;
48;2020-S10;B;0;103;0;;
48;2020-S10;C;0;42;0;;
48;2020-S10;D;0;23;0;;
48;2020-S10;E;0;40;0;;
48;2020-S11;0;5;213;3;;
48;2020-S11;A;0;40;0;;
48;2020-S11;B;2;69;0;;
48;2020-S11;C;1;45;1;;
48;2020-S11;D;1;22;1;;
48;2020-S11;E;1;37;1;;
49;2020-S10;0;29;2794;10;;
49;2020-S10;A;0;648;0;;
49;2020-S10;B;13;1118;2;;
49;2020-S10;C;8;430;2;;
49;2020-S10;D;4;189;3;;
49;2020-S10;E;4;409;3;;
49;2020-S11;0;51;2579;16;;
49;2020-S11;A;2;664;0;;
49;2020-S11;B;20;936;2;;
49;2020-S11;C;12;435;2;;
49;2020-S11;D;10;195;6;;
49;2020-S11;E;7;349;6;;
50;2020-S10;0;0;2632;0;0;1195
50;2020-S10;A;0;507;0;0;285
50;2020-S10;B;0;918;0;0;564
50;2020-S10;C;0;468;0;0;217
50;2020-S10;D;0;243;0;0;61
50;2020-S10;E;0;496;0;0;68
50;2020-S11;0;12;2422;5;11;1200
50;2020-S11;A;0;512;0;3;336
50;2020-S11;B;4;850;0;7;536
50;2020-S11;C;3;413;0;1;223
50;2020-S11;D;0;221;0;0;41
50;2020-S11;E;5;426;5;0;64
51;2020-S10;0;8;2432;4;0;351
51;2020-S10;A;0;552;0;0;129
51;2020-S10;B;4;976;2;0;143
51;2020-S10;C;1;409;0;0;40
51;2020-S10;D;3;183;2;0;11
51;2020-S10;E;0;311;0;0;28
51;2020-S11;0;14;2192;5;7;268
51;2020-S11;A;0;515;0;0;90
51;2020-S11;B;7;858;2;7;122
51;2020-S11;C;5;396;2;0;27
51;2020-S11;D;2;161;1;0;10
51;2020-S11;E;0;262;0;0;19
52;2020-S10;0;0;881;0;;
52;2020-S10;A;0;150;0;;
52;2020-S10;B;0;314;0;;
52;2020-S10;C;0;187;0;;
52;2020-S10;D;0;87;0;;
52;2020-S10;E;0;143;0;;
52;2020-S11;0;3;800;1;;
52;2020-S11;A;0;153;0;;
52;2020-S11;B;3;292;1;;
52;2020-S11;C;0;145;0;;
52;2020-S11;D;0;84;0;;
52;2020-S11;E;0;126;0;;
53;2020-S10;0;2;517;0;;
53;2020-S10;A;0;65;0;;
53;2020-S10;B;0;193;0;;
53;2020-S10;C;2;109;0;;
53;2020-S10;D;0;48;0;;
53;2020-S10;E;0;102;0;;
53;2020-S11;0;0;463;0;;
53;2020-S11;A;0;46;0;;
53;2020-S11;B;0;190;0;;
53;2020-S11;C;0;95;0;;
53;2020-S11;D;0;50;0;;
53;2020-S11;E;0;82;0;;
54;2020-S10;0;3;2862;0;1;1148
54;2020-S10;A;3;680;0;0;336
54;2020-S10;B;0;981;0;1;455
54;2020-S10;C;0;511;0;0;156
54;2020-S10;D;0;238;0;0;69
54;2020-S10;E;0;452;0;0;132
54;2020-S11;0;16;2713;8;10;1249
54;2020-S11;A;12;606;4;2;371
54;2020-S11;B;0;950;0;5;472
54;2020-S11;C;0;455;0;3;171
54;2020-S11;D;1;248;1;0;74
54;2020-S11;E;3;454;3;0;157
55;2020-S10;0;0;766;0;;
55;2020-S10;A;0;110;0;;
55;2020-S10;B;0;276;0;;
55;2020-S10;C;0;164;0;;
55;2020-S10;D;0;77;0;;
55;2020-S10;E;0;139;0;;
55;2020-S11;0;8;751;1;;
55;2020-S11;A;0;116;0;;
55;2020-S11;B;4;284;0;;
55;2020-S11;C;3;151;0;;
55;2020-S11;D;0;79;0;;
55;2020-S11;E;1;121;1;;
56;2020-S10;0;311;2654;1;2;676
56;2020-S10;A;48;554;0;0;179
56;2020-S10;B;146;877;0;1;270
56;2020-S10;C;84;512;1;1;107
56;2020-S10;D;25;259;0;0;31
56;2020-S10;E;8;452;0;0;89
56;2020-S11;0;330;2841;2;2;670
56;2020-S11;A;116;587;0;0;182
56;2020-S11;B;103;921;1;2;284
56;2020-S11;C;74;586;0;0;111
56;2020-S11;D;23;247;1;0;24
56;2020-S11;E;14;500;0;0;69
57;2020-S10;0;3;5186;2;;
57;2020-S10;A;0;1233;0;;
57;2020-S10;B;1;1873;0;;
57;2020-S10;C;1;940;1;;
57;2020-S10;D;1;413;1;;
57;2020-S10;E;0;727;0;;
57;2020-S11;0;27;4494;22;;
57;2020-S11;A;0;1021;0;;
57;2020-S11;B;10;1609;7;;
57;2020-S11;C;8;841;6;;
57;2020-S11;D;3;378;3;;
57;2020-S11;E;6;645;6;;
58;2020-S10;0;13;1246;9;;
58;2020-S10;A;2;238;2;;
58;2020-S10;B;4;385;4;;
58;2020-S10;C;5;256;3;;
58;2020-S10;D;1;125;0;;
58;2020-S10;E;1;242;0;;
58;2020-S11;0;21;1169;20;;
58;2020-S11;A;1;253;0;;
58;2020-S11;B;10;375;10;;
58;2020-S11;C;6;224;6;;
58;2020-S11;D;1;113;1;;
58;2020-S11;E;3;204;3;;
59;2020-S10;0;82;13483;7;2;5211
59;2020-S10;A;2;3491;0;1;1878
59;2020-S10;B;51;5289;4;1;2594
59;2020-S10;C;16;2201;0;0;545
59;2020-S10;D;6;947;1;0;95
59;2020-S10;E;7;1553;2;0;86
59;2020-S11;0;169;12621;35;24;5506
59;2020-S11;A;22;3557;2;4;2040
59;2020-S11;B;77;4801;4;16;2691
59;2020-S11;C;32;2091;6;4;563
59;2020-S11;D;22;822;9;0;91
59;2020-S11;E;16;1347;14;0;110
60;2020-S10;0;0;1223;0;;
60;2020-S10;A;0;116;0;;
60;2020-S10;B;0;537;0;;
60;2020-S10;C;0;283;0;;
60;2020-S10;D;0;112;0;;
60;2020-S10;E;0;175;0;;
60;2020-S11;0;0;1012;0;;
60;2020-S11;A;0;50;0;;
60;2020-S11;B;0;472;0;;
60;2020-S11;C;0;234;0;;
60;2020-S11;D;0;90;0;;
60;2020-S11;E;0;166;0;;
61;2020-S10;0;0;1561;0;;
61;2020-S10;A;0;331;0;;
61;2020-S10;B;0;521;0;;
61;2020-S10;C;0;290;0;;
61;2020-S10;D;0;138;0;;
61;2020-S10;E;0;281;0;;
61;2020-S11;0;0;1473;0;;
61;2020-S11;A;0;338;0;;
61;2020-S11;B;0;482;0;;
61;2020-S11;C;0;275;0;;
61;2020-S11;D;0;135;0;;
61;2020-S11;E;0;243;0;;
62;2020-S10;0;1;3480;0;;
62;2020-S10;A;0;902;0;;
62;2020-S10;B;0;1256;0;;
62;2020-S10;C;1;623;0;;
62;2020-S10;D;0;262;0;;
62;2020-S10;E;0;437;0;;
62;2020-S11;0;12;2396;2;;
62;2020-S11;A;3;584;0;;
62;2020-S11;B;1;920;1;;
62;2020-S11;C;2;424;0;;
62;2020-S11;D;1;181;1;;
62;2020-S11;E;5;287;0;;
63;2020-S10;0;0;1221;0;0;937
63;2020-S10;A;0;385;0;0;194
63;2020-S10;B;0;439;0;0;396
63;2020-S10;C;0;172;0;0;170
63;2020-S10;D;0;84;0;0;56
63;2020-S10;E;0;141;0;0;121
63;2020-S11;0;0;1102;0;0;888
63;2020-S11;A;0;385;0;0;176
63;2020-S11;B;0;395;0;0;446
63;2020-S11;C;0;139;0;0;110
63;2020-S11;D;0;74;0;0;53
63;2020-S11;E;0;109;0;0;103
64;2020-S10;0;44;3067;4;5;2420
64;2020-S10;A;6;589;0;1;597
64;2020-S10;B;18;1003;0;3;1030
64;2020-S10;C;15;577;2;0;403
64;2020-S10;D;3;289;0;0;130
64;2020-S10;E;2;609;2;1;258
64;2020-S11;0;92;2976;7;64;2594
64;2020-S11;A;21;678;0;16;722
64;2020-S11;B;39;1009;1;31;1106
64;2020-S11;C;25;549;1;10;419
64;2020-S11;D;2;252;0;4;115
64;2020-S11;E;5;488;5;3;232
65;2020-S10;0;0;850;0;;
65;2020-S10;A;0;121;0;;
65;2020-S10;B;0;297;0;;
65;2020-S10;C;0;206;0;;
65;2020-S10;D;0;98;0;;
65;2020-S10;E;0;128;0;;
65;2020-S11;0;0;762;0;;
65;2020-S11;A;0;111;0;;
65;2020-S11;B;0;256;0;;
65;2020-S11;C;0;195;0;;
65;2020-S11;D;0;73;0;;
65;2020-S11;E;0;127;0;;
66;2020-S10;0;9;2748;0;0;926
66;2020-S10;A;0;623;0;0;404
66;2020-S10;B;4;924;0;0;283
66;2020-S10;C;3;553;0;0;117
66;2020-S10;D;1;280;0;0;33
66;2020-S10;E;1;368;0;0;89
66;2020-S11;0;8;2470;4;2;1082
66;2020-S11;A;1;624;0;0;433
66;2020-S11;B;3;822;1;2;382
66;2020-S11;C;2;476;1;0;127
66;2020-S11;D;1;210;1;0;43
66;2020-S11;E;1;338;1;0;97
67;2020-S10;0;23;3624;5;20;2407
67;2020-S10;A;5;797;1;6;745
67;2020-S10;B;10;1321;0;8;1027
67;2020-S10;C;6;653;3;4;322
67;2020-S10;D;0;301;0;0;105
67;2020-S10;E;2;552;1;2;189
67;2020-S11;0;99;3049;36;94;2729
67;2020-S11;A;22;746;1;7;789
67;2020-S11;B;35;1024;7;54;1191
67;2020-S11;C;21;587;10;24;415
67;2020-S11;D;9;243;8;6;116
67;2020-S11;E;12;449;10;3;201
68;2020-S10;0;57;3073;44;68;944
68;2020-S10;A;0;750;0;18;294
68;2020-S10;B;13;979;4;28;447
68;2020-S10;C;17;598;16;15;125
68;2020-S10;D;11;307;9;4;32
68;2020-S10;E;16;439;15;3;44
68;2020-S11;0;238;2528;162;144;924
68;2020-S11;A;2;501;2;20;197
68;2020-S11;B;37;686;10;66;424
68;2020-S11;C;71;546;42;36;170
68;2020-S11;D;57;300;48;8;59
68;2020-S11;E;71;495;60;14;73
69;2020-S10;0;31;8409;24;3;2394
69;2020-S10;A;0;1807;0;0;560
69;2020-S10;B;7;3429;3;0;1080
69;2020-S10;C;2;1459;2;2;288
69;2020-S10;D;9;603;7;0;107
69;2020-S10;E;13;1111;12;1;339
69;2020-S11;0;243;8298;109;158;2463
69;2020-S11;A;4;1948;2;27;553
69;2020-S11;B;112;3481;20;83;1242
69;2020-S11;C;55;1440;24;28;317
69;2020-S11;D;27;518;21;11;88
69;2020-S11;E;45;911;42;8;240
70;2020-S10;0;0;1008;0;;
70;2020-S10;A;0;143;0;;
70;2020-S10;B;0;349;0;;
70;2020-S10;C;0;234;0;;
70;2020-S10;D;0;104;0;;
70;2020-S10;E;0;178;0;;
70;2020-S11;0;42;916;8;;
70;2020-S11;A;1;119;0;;
70;2020-S11;B;19;330;1;;
70;2020-S11;C;13;219;0;;
70;2020-S11;D;1;84;0;;
70;2020-S11;E;8;164;7;;
71;2020-S10;0;96;2917;50;;
71;2020-S10;A;2;554;0;;
71;2020-S10;B;32;1026;8;;
71;2020-S10;C;31;581;12;;
71;2020-S10;D;7;233;6;;
71;2020-S10;E;24;523;24;;
71;2020-S11;0;183;2563;68;;
71;2020-S11;A;9;454;1;;
71;2020-S11;B;61;929;5;;
71;2020-S11;C;48;495;14;;
71;2020-S11;D;23;247;13;;
71;2020-S11;E;42;438;35;;
72;2020-S10;0;55;2467;53;;
72;2020-S10;A;6;547;6;;
72;2020-S10;B;18;831;17;;
72;2020-S10;C;19;452;18;;
72;2020-S10;D;3;226;3;;
72;2020-S10;E;9;411;9;;
72;2020-S11;0;53;2160;36;;
72;2020-S11;A;0;564;0;;
72;2020-S11;B;17;730;7;;
72;2020-S11;C;8;354;3;;
72;2020-S11;D;9;158;9;;
72;2020-S11;E;19;354;17;;
73;2020-S10;0;0;1719;0;3;1046
73;2020-S10;A;0;269;0;0;273
73;2020-S10;B;0;711;0;1;505
73;2020-S10;C;0;418;0;1;163
73;2020-S10;D;0;149;0;0;43
73;2020-S10;E;0;172;0;1;62
73;2020-S11;0;0;1704;0;20;984
73;2020-S11;A;0;224;0;2;277
73;2020-S11;B;0;732;0;9;456
73;2020-S11;C;0;418;0;6;146
73;2020-S11;D;0;170;0;0;34
73;2020-S11;E;0;160;0;3;71
74;2020-S10;0;1;5067;0;4;1173
74;2020-S10;A;0;928;0;0;347
74;2020-S10;B;1;2161;0;3;517
74;2020-S10;C;0;991;0;1;162
74;2020-S10;D;0;409;0;0;52
74;2020-S10;E;0;578;0;0;95
74;2020-S11;0;16;4719;1;37;1164
74;2020-S11;A;1;898;0;3;301
74;2020-S11;B;10;2031;0;26;560
74;2020-S11;C;2;944;1;6;184
74;2020-S11;D;1;370;0;2;62
74;2020-S11;E;2;476;0;0;57
75;2020-S10;0;58;9662;34;43;8074
75;2020-S10;A;0;1982;0;11;2190
75;2020-S10;B;20;4134;2;22;3479
75;2020-S10;C;13;1906;8;7;1304
75;2020-S10;D;10;651;10;2;353
75;2020-S10;E;14;988;13;1;608
75;2020-S11;0;601;9914;124;320;8073
75;2020-S11;A;3;1803;2;37;1997
75;2020-S11;B;338;4570;18;179;3567
75;2020-S11;C;162;1985;40;70;1467
75;2020-S11;D;56;664;30;16;349
75;2020-S11;E;42;892;34;11;521
76;2020-S10;0;1;6957;1;0;841
76;2020-S10;A;0;1872;0;0;273
76;2020-S10;B;1;2596;1;0;436
76;2020-S10;C;0;1171;0;0;96
76;2020-S10;D;0;498;0;0;4
76;2020-S10;E;0;820;0;0;32
76;2020-S11;0;21;6602;5;5;841
76;2020-S11;A;0;1909;0;0;277
76;2020-S11;B;16;2384;1;5;407
76;2020-S11;C;2;1122;2;0;104
76;2020-S11;D;1;462;1;0;16
76;2020-S11;E;2;725;1;0;37
77;2020-S10;0;82;4154;6;2;2154
77;2020-S10;A;6;948;0;1;913
77;2020-S10;B;46;1783;4;0;895
77;2020-S10;C;26;767;0;1;243
77;2020-S10;D;3;273;1;0;45
77;2020-S10;E;1;383;1;0;57
77;2020-S11;0;218;4139;33;58;2297
77;2020-S11;A;3;868;1;3;917
77;2020-S11;B;132;1889;13;39;929
77;2020-S11;C;72;804;13;13;339
77;2020-S11;D;7;247;3;3;63
77;2020-S11;E;4;331;3;0;49
78;2020-S10;0;18;6001;9;3;1412
78;2020-S10;A;0;1417;0;0;581
78;2020-S10;B;7;2414;0;2;522
78;2020-S10;C;3;1132;1;1;180
78;2020-S10;D;3;347;3;0;50
78;2020-S10;E;5;691;5;0;79
78;2020-S11;0;125;5893;16;82;1473
78;2020-S11;A;1;1442;0;23;569
78;2020-S11;B;71;2405;3;34;579
78;2020-S11;C;31;1084;4;16;197
78;2020-S11;D;12;357;5;6;60
78;2020-S11;E;10;604;4;3;68
79;2020-S10;0;1;1580;0;;
79;2020-S10;A;1;233;0;;
79;2020-S10;B;0;588;0;;
79;2020-S10;C;0;369;0;;
79;2020-S10;D;0;146;0;;
79;2020-S10;E;0;244;0;;
79;2020-S11;0;15;1657;0;;
79;2020-S11;A;0;333;0;;
79;2020-S11;B;10;612;0;;
79;2020-S11;C;4;334;0;;
79;2020-S11;D;1;123;0;;
79;2020-S11;E;0;255;0;;
80;2020-S10;0;4;2836;0;0;2128
80;2020-S10;A;0;710;0;0;616
80;2020-S10;B;3;973;0;0;1053
80;2020-S10;C;1;491;0;0;279
80;2020-S10;D;0;248;0;0;74
80;2020-S10;E;0;414;0;0;105
80;2020-S11;0;59;2607;27;34;2207
80;2020-S11;A;3;664;2;4;660
80;2020-S11;B;30;902;8;18;1106
80;2020-S11;C;18;464;9;9;295
80;2020-S11;D;3;194;3;2;61
80;2020-S11;E;5;383;5;1;84
81;2020-S10;0;2;2114;0;;
81;2020-S10;A;0;443;0;;
81;2020-S10;B;0;794;0;;
81;2020-S10;C;0;387;0;;
81;2020-S10;D;2;194;0;;
81;2020-S10;E;0;296;0;;
81;2020-S11;0;55;1839;9;;
81;2020-S11;A;6;380;1;;
81;2020-S11;B;30;691;2;;
81;2020-S11;C;12;330;1;;
81;2020-S11;D;1;160;0;;
81;2020-S11;E;6;278;5;;
82;2020-S10;0;6;1061;0;;
82;2020-S10;A;2;220;0;;
82;2020-S10;B;0;394;0;;
82;2020-S10;C;2;219;0;;
82;2020-S10;D;0;63;0;;
82;2020-S10;E;2;165;0;;
82;2020-S11;0;49;1008;14;;
82;2020-S11;A;5;232;2;;
82;2020-S11;B;23;364;2;;
82;2020-S11;C;13;180;3;;
82;2020-S11;D;4;92;3;;
82;2020-S11;E;4;140;4;;
83;2020-S10;0;4;4731;4;2;4016
83;2020-S10;A;0;986;0;1;1314
83;2020-S10;B;0;1494;0;1;1399
83;2020-S10;C;0;880;0;0;594
83;2020-S10;D;2;447;2;0;250
83;2020-S10;E;2;924;2;0;436
83;2020-S11;0;40;4504;19;126;3935
83;2020-S11;A;6;1005;1;24;1354
83;2020-S11;B;11;1473;5;72;1419
83;2020-S11;C;11;854;4;25;584
83;2020-S11;D;5;411;2;3;195
83;2020-S11;E;7;761;7;0;350
84;2020-S10;0;2;3579;2;0;364
84;2020-S10;A;0;816;0;0;108
84;2020-S10;B;1;1231;1;0;145
84;2020-S10;C;1;648;1;0;62
84;2020-S10;D;0;348;0;0;18
84;2020-S10;E;0;536;0;0;31
84;2020-S11;0;20;3268;12;5;170
84;2020-S11;A;2;771;2;2;38
84;2020-S11;B;9;1085;4;2;73
84;2020-S11;C;3;610;1;1;27
84;2020-S11;D;2;309;1;0;6
84;2020-S11;E;4;493;4;0;26
85;2020-S10;0;27;2575;1;;
85;2020-S10;A;4;481;0;;
85;2020-S10;B;17;900;1;;
85;2020-S10;C;5;510;0;;
85;2020-S10;D;1;274;0;;
85;2020-S10;E;0;410;0;;
85;2020-S11;0;53;2459;5;;
85;2020-S11;A;7;510;0;;
85;2020-S11;B;36;844;2;;
85;2020-S11;C;5;456;0;;
85;2020-S11;D;4;235;3;;
85;2020-S11;E;1;414;0;;
86;2020-S10;0;1;1612;1;;
86;2020-S10;A;0;320;0;;
86;2020-S10;B;1;603;1;;
86;2020-S10;C;0;276;0;;
86;2020-S10;D;0;151;0;;
86;2020-S10;E;0;262;0;;
86;2020-S11;0;1;1599;0;;
86;2020-S11;A;0;367;0;;
86;2020-S11;B;0;598;0;;
86;2020-S11;C;0;281;0;;
86;2020-S11;D;0;129;0;;
86;2020-S11;E;1;224;0;;
87;2020-S10;0;2;2036;1;0;1490
87;2020-S10;A;0;410;0;0;351
87;2020-S10;B;0;627;0;0;694
87;2020-S10;C;1;422;0;0;216
87;2020-S10;D;1;214;1;0;70
87;2020-S10;E;0;363;0;0;159
87;2020-S11;0;1;1851;0;3;1476
87;2020-S11;A;0;427;0;0;326
87;2020-S11;B;0;567;0;1;771
87;2020-S11;C;1;396;0;2;221
87;2020-S11;D;0;178;0;0;54
87;2020-S11;E;0;283;0;0;103
88;2020-S10;0;46;2037;10;;
88;2020-S10;A;0;465;0;;
88;2020-S10;B;14;620;0;;
88;2020-S10;C;23;414;5;;
88;2020-S10;D;3;172;1;;
88;2020-S10;E;6;366;4;;
88;2020-S11;0;158;2002;44;;
88;2020-S11;A;3;401;0;;
88;2020-S11;B;64;644;1;;
88;2020-S11;C;39;411;7;;
88;2020-S11;D;20;202;12;;
88;2020-S11;E;32;344;24;;
89;2020-S10;0;18;2469;4;2;671
89;2020-S10;A;0;556;0;0;179
89;2020-S10;B;12;827;3;0;259
89;2020-S10;C;2;507;0;2;133
89;2020-S10;D;2;192;1;0;52
89;2020-S10;E;2;386;0;0;47
89;2020-S11;0;58;2204;5;15;598
89;2020-S11;A;3;512;0;3;173
89;2020-S11;B;35;799;0;7;269
89;2020-S11;C;12;400;1;4;99
89;2020-S11;D;4;177;1;1;28
89;2020-S11;E;4;316;3;0;29
90;2020-S10;0;10;1015;2;;
90;2020-S10;A;3;41;0;;
90;2020-S10;B;5;354;1;;
90;2020-S10;C;2;248;1;;
90;2020-S10;D;0;133;0;;
90;2020-S10;E;0;239;0;;
90;2020-S11;0;11;972;7;;
90;2020-S11;A;0;69;0;;
90;2020-S11;B;2;347;1;;
90;2020-S11;C;4;244;1;;
90;2020-S11;D;1;108;1;;
90;2020-S11;E;4;204;4;;
91;2020-S10;0;22;4365;4;1;1175
91;2020-S10;A;0;768;0;0;526
91;2020-S10;B;12;2001;1;1;370
91;2020-S10;C;5;867;0;0;157
91;2020-S10;D;2;302;1;0;45
91;2020-S10;E;3;427;2;0;77
91;2020-S11;0;145;4127;36;6;1080
91;2020-S11;A;1;692;0;0;443
91;2020-S11;B;68;1925;8;3;359
91;2020-S11;C;40;864;13;2;171
91;2020-S11;D;4;247;1;0;35
91;2020-S11;E;32;398;14;1;72
92;2020-S10;0;21;6574;13;;
92;2020-S10;A;5;2132;5;;
92;2020-S10;B;7;2487;2;;
92;2020-S10;C;2;1019;1;;
92;2020-S10;D;3;347;2;;
92;2020-S10;E;4;589;3;;
92;2020-S11;0;162;6243;49;;
92;2020-S11;A;1;1900;1;;
92;2020-S11;B;80;2396;14;;
92;2020-S11;C;45;1085;13;;
92;2020-S11;D;14;336;6;;
92;2020-S11;E;22;526;15;;
93;2020-S10;0;12;6899;6;;
93;2020-S10;A;1;1848;0;;
93;2020-S10;B;3;2994;0;;
93;2020-S10;C;6;1236;5;;
93;2020-S10;D;0;400;0;;
93;2020-S10;E;2;421;1;;
93;2020-S11;0;67;6815;14;;
93;2020-S11;A;4;1665;0;;
93;2020-S11;B;33;3180;5;;
93;2020-S11;C;20;1265;4;;
93;2020-S11;D;3;335;1;;
93;2020-S11;E;7;370;4;;
94;2020-S10;0;38;6683;20;;
94;2020-S10;A;0;1360;0;;
94;2020-S10;B;19;2920;6;;
94;2020-S10;C;6;1285;3;;
94;2020-S10;D;2;425;1;;
94;2020-S10;E;11;693;10;;
94;2020-S11;0;399;6458;125;;
94;2020-S11;A;0;1208;0;;
94;2020-S11;B;216;2887;28;;
94;2020-S11;C;109;1337;42;;
94;2020-S11;D;27;420;16;;
94;2020-S11;E;47;606;39;;
95;2020-S10;0;14;6008;2;16;2573
95;2020-S10;A;0;1794;0;2;1109
95;2020-S10;B;11;2349;0;10;980
95;2020-S10;C;2;1023;1;3;334
95;2020-S10;D;0;303;0;1;63
95;2020-S10;E;1;539;1;0;85
95;2020-S11;0;387;6550;133;119;2244
95;2020-S11;A;6;1941;3;16;883
95;2020-S11;B;188;2609;28;73;941
95;2020-S11;C;125;1087;45;26;297
95;2020-S11;D;33;358;25;3;52
95;2020-S11;E;35;554;32;1;71
971;2020-S10;0;0;1745;0;;
971;2020-S10;A;0;476;0;;
971;2020-S10;B;0;597;0;;
971;2020-S10;C;0;341;0;;
971;2020-S10;D;0;148;0;;
971;2020-S10;E;0;183;0;;
971;2020-S11;0;0;1744;0;;
971;2020-S11;A;0;505;0;;
971;2020-S11;B;0;606;0;;
971;2020-S11;C;0;336;0;;
971;2020-S11;D;0;124;0;;
971;2020-S11;E;0;173;0;;
972;2020-S10;0;;;;0;1014
972;2020-S10;A;;;;0;217
972;2020-S10;B;;;;0;391
972;2020-S10;C;;;;0;196
972;2020-S10;D;;;;0;72
972;2020-S10;E;;;;0;138
972;2020-S11;0;;;;0;977
972;2020-S11;A;;;;0;268
972;2020-S11;B;;;;0;284
972;2020-S11;C;;;;0;198
972;2020-S11;D;;;;0;82
972;2020-S11;E;;;;0;145
973;2020-S10;0;1;2019;0;;
973;2020-S10;A;0;691;0;;
973;2020-S10;B;1;848;0;;
973;2020-S10;C;0;359;0;;
973;2020-S10;D;0;61;0;;
973;2020-S10;E;0;60;0;;
973;2020-S11;0;0;1870;0;;
973;2020-S11;A;0;617;0;;
973;2020-S11;B;0;817;0;;
973;2020-S11;C;0;317;0;;
973;2020-S11;D;0;63;0;;
973;2020-S11;E;0;56;0;;
974;2020-S10;0;5;3654;5;;
974;2020-S10;A;1;944;1;;
974;2020-S10;B;2;1301;2;;
974;2020-S10;C;2;809;2;;
974;2020-S10;D;0;288;0;;
974;2020-S10;E;0;312;0;;
974;2020-S11;0;51;3408;48;;
974;2020-S11;A;4;870;4;;
974;2020-S11;B;21;1186;19;;
974;2020-S11;C;17;739;16;;
974;2020-S11;D;7;260;7;;
974;2020-S11;E;2;353;2;;
975;2020-S10;0;;;;;
975;2020-S10;A;;;;;
975;2020-S10;B;;;;;
975;2020-S10;C;;;;;
975;2020-S10;D;;;;;
975;2020-S10;E;;;;;
975;2020-S11;0;;;;;
975;2020-S11;A;;;;;
975;2020-S11;B;;;;;
975;2020-S11;C;;;;;
975;2020-S11;D;;;;;
975;2020-S11;E;;;;;
976;2020-S10;0;0;892;0;;
976;2020-S10;A;0;350;0;;
976;2020-S10;B;0;360;0;;
976;2020-S10;C;0;133;0;;
976;2020-S10;D;0;29;0;;
976;2020-S10;E;0;20;0;;
976;2020-S11;0;0;874;0;;
976;2020-S11;A;0;335;0;;
976;2020-S11;B;0;365;0;;
976;2020-S11;C;0;117;0;;
976;2020-S11;D;0;32;0;;
976;2020-S11;E;0;25;0;;
977;2020-S10;0;0;159;0;;
977;2020-S10;A;0;15;0;;
977;2020-S10;B;0;84;0;;
977;2020-S10;C;0;53;0;;
977;2020-S10;D;0;2;0;;
977;2020-S10;E;0;5;0;;
977;2020-S11;0;0;176;0;;
977;2020-S11;A;0;15;0;;
977;2020-S11;B;0;86;0;;
977;2020-S11;C;0;49;0;;
977;2020-S11;D;0;12;0;;
977;2020-S11;E;0;14;0;;
978;2020-S10;0;0;203;0;;
978;2020-S10;A;0;44;0;;
978;2020-S10;B;0;95;0;;
978;2020-S10;C;0;41;0;;
978;2020-S10;D;0;12;0;;
978;2020-S10;E;0;11;0;;
978;2020-S11;0;2;221;0;;
978;2020-S11;A;1;48;0;;
978;2020-S11;B;1;101;0;;
978;2020-S11;C;0;51;0;;
978;2020-S11;D;0;11;0;;
978;2020-S11;E;0;10;0;;
